@T,table
Created,2019-06-06 14:10
Author,HortonMachine library
@H,timestamp,value_4
ID,,4
Type,Date,Double
Format,yyyy-MM-dd HH:mm,
,2006-07-01 00:00,-9999
,2006-07-01 00:30,-9999
,2006-07-01 01:00,-9999
,2006-07-01 01:30,-9999
,2006-07-01 02:00,0.21652180011091318
,2006-07-01 02:30,0.04293537604994708
,2006-07-01 03:00,0.022574431235874923
,2006-07-01 03:30,0.014937447573224275
,2006-07-01 04:00,0.011524539007604645
,2006-07-01 04:30,0.009552550356840177
,2006-07-01 05:00,0.009949124862615639
,2006-07-01 05:30,0.010419788068244971
,2006-07-01 06:00,0.010827954193608597
,2006-07-01 06:30,0.011921169108333117
,2006-07-01 07:00,0.013698839754009345
,2006-07-01 07:30,0.016420104347206987
,2006-07-01 08:00,0.021281847348948564
,2006-07-01 08:30,0.031210934390163515
,2006-07-01 09:00,0.060152036743242696
,2006-07-01 09:30,0.323391171888022
,2006-07-01 10:00,-9999
,2006-07-01 10:30,-9999
,2006-07-01 11:00,-9999
,2006-07-01 11:30,-9999
,2006-07-01 12:00,-9999
,2006-07-01 12:30,-9999
,2006-07-01 13:00,-9999
,2006-07-01 13:30,-9999
,2006-07-01 14:00,0.3504344339233955
,2006-07-01 14:30,0.06510733371394907
,2006-07-01 15:00,0.03573868728272779
,2006-07-01 15:30,0.02393597102127769
,2006-07-01 16:00,0.01901087355581452
,2006-07-01 16:30,0.016113508649474736
,2006-07-01 17:00,0.014240632971223013
,2006-07-01 17:30,0.01300630916989947
,2006-07-01 18:00,0.013206643315881336
,2006-07-01 18:30,0.013173191998933725
,2006-07-01 19:00,0.013788585092946748
,2006-07-01 19:30,0.01565663203794681
,2006-07-01 20:00,0.01901743722239252
,2006-07-01 20:30,0.02718072054421512
,2006-07-01 21:00,0.04863482250654009
,2006-07-01 21:30,0.2545500936967987
,2006-07-01 22:00,-9999
,2006-07-01 22:30,-9999
,2006-07-01 23:00,-9999
,2006-07-01 23:30,-9999
,2006-07-02 00:00,-9999
,2006-07-02 00:30,-9999
,2006-07-02 01:00,-9999
,2006-07-02 01:30,-9999
,2006-07-02 02:00,0.23737364267213926
,2006-07-02 02:30,0.04364699516311552
,2006-07-02 03:00,0.023332207804840393
,2006-07-02 03:30,0.016145549800246756
,2006-07-02 04:00,0.01264086666860602
,2006-07-02 04:30,0.010863809576954753
,2006-07-02 05:00,0.009888121068293558
,2006-07-02 05:30,0.009174374691029687
,2006-07-02 06:00,0.00968320555624646
,2006-07-02 06:30,0.010227974656565513
,2006-07-02 07:00,0.012134535244110907
,2006-07-02 07:30,0.014672246574551873
,2006-07-02 08:00,0.018279500272598573
,2006-07-02 08:30,0.027359676040032744
,2006-07-02 09:00,0.053763374877416656
,2006-07-02 09:30,0.30038626669557605
,2006-07-02 10:00,-9999
,2006-07-02 10:30,-9999
,2006-07-02 11:00,-9999
,2006-07-02 11:30,-9999
,2006-07-02 12:00,-9999
,2006-07-02 12:30,-9999
,2006-07-02 13:00,-9999
,2006-07-02 13:30,-9999
,2006-07-02 14:00,0.3651725799164265
,2006-07-02 14:30,0.06378118933400238
,2006-07-02 15:00,0.034125966914305764
,2006-07-02 15:30,0.022327230851818848
,2006-07-02 16:00,0.016458440962503176
,2006-07-02 16:30,0.013622454468752631
,2006-07-02 17:00,0.011919352757072668
,2006-07-02 17:30,0.010969945481048134
,2006-07-02 18:00,0.010476220789917978
,2006-07-02 18:30,0.010737134345026057
,2006-07-02 19:00,0.011571473486935172
,2006-07-02 19:30,0.013876931336502365
,2006-07-02 20:00,0.01744776980473261
,2006-07-02 20:30,0.025468298402485278
,2006-07-02 21:00,0.04541939341869241
,2006-07-02 21:30,0.2597411160246264
,2006-07-02 22:00,-9999
,2006-07-02 22:30,-9999
,2006-07-02 23:00,-9999
,2006-07-02 23:30,-9999
,2006-07-03 00:00,-9999
,2006-07-03 00:30,-9999
,2006-07-03 01:00,-9999
,2006-07-03 01:30,-9999
,2006-07-03 02:00,0.24605645646179639
,2006-07-03 02:30,0.04184622707504469
,2006-07-03 03:00,0.02263804658654329
,2006-07-03 03:30,0.015646239800666373
,2006-07-03 04:00,0.012173937637811898
,2006-07-03 04:30,0.010282221939456389
,2006-07-03 05:00,0.009675675498421224
,2006-07-03 05:30,0.00965751019519417
,2006-07-03 06:00,0.010830924703323277
,2006-07-03 06:30,0.011474670440338739
,2006-07-03 07:00,0.012066147105935744
,2006-07-03 07:30,0.01565521963129364
,2006-07-03 08:00,0.020210848486058714
,2006-07-03 08:30,0.02894477667600158
,2006-07-03 09:00,0.056481565559840116
,2006-07-03 09:30,0.33602607914765725
,2006-07-03 10:00,-9999
,2006-07-03 10:30,-9999
,2006-07-03 11:00,-9999
,2006-07-03 11:30,-9999
,2006-07-03 12:00,-9999
,2006-07-03 12:30,-9999
,2006-07-03 13:00,-9999
,2006-07-03 13:30,-9999
,2006-07-03 14:00,0.39150544172149576
,2006-07-03 14:30,0.06577186691250188
,2006-07-03 15:00,0.03508300413015708
,2006-07-03 15:30,0.022190607990706202
,2006-07-03 16:00,0.016288128210695783
,2006-07-03 16:30,0.013962571884397711
,2006-07-03 17:00,0.012457481716829154
,2006-07-03 17:30,0.01148813737746211
,2006-07-03 18:00,0.01130272023081847
,2006-07-03 18:30,0.011703220128505514
,2006-07-03 19:00,0.012203790335977429
,2006-07-03 19:30,0.01424947143724294
,2006-07-03 20:00,0.01854838053934409
,2006-07-03 20:30,0.02600476433019988
,2006-07-03 21:00,0.04461143211809829
,2006-07-03 21:30,0.21065995974786433
,2006-07-03 22:00,-9999
,2006-07-03 22:30,-9999
,2006-07-03 23:00,-9999
,2006-07-03 23:30,-9999
,2006-07-04 00:00,-9999
,2006-07-04 00:30,-9999
,2006-07-04 01:00,-9999
,2006-07-04 01:30,-9999
,2006-07-04 02:00,0.19689697074542098
,2006-07-04 02:30,0.032718697632269034
,2006-07-04 03:00,0.016628102871142168
,2006-07-04 03:30,0.011340331732939359
,2006-07-04 04:00,0.009001647952751242
,2006-07-04 04:30,0.007788292173380203
,2006-07-04 05:00,0.008198844138109443
,2006-07-04 05:30,0.009479553303492327
,2006-07-04 06:00,0.010152245911488928
,2006-07-04 06:30,0.010187672666660744
,2006-07-04 07:00,0.01194743782075625
,2006-07-04 07:30,0.014491489653665342
,2006-07-04 08:00,0.019139344140455462
,2006-07-04 08:30,0.02869278057270113
,2006-07-04 09:00,0.054311574145735175
,2006-07-04 09:30,0.3253574655158169
,2006-07-04 10:00,-9999
,2006-07-04 10:30,-9999
,2006-07-04 11:00,-9999
,2006-07-04 11:30,-9999
,2006-07-04 12:00,-9999
,2006-07-04 12:30,-9999
,2006-07-04 13:00,-9999
,2006-07-04 13:30,-9999
,2006-07-04 14:00,0.40988843077261383
,2006-07-04 14:30,0.06578994762589639
,2006-07-04 15:00,0.034470559964793736
,2006-07-04 15:30,0.023555112422734628
,2006-07-04 16:00,0.018771809672944256
,2006-07-04 16:30,0.015153939986033456
,2006-07-04 17:00,0.013358435597867082
,2006-07-04 17:30,0.012552642182168575
,2006-07-04 18:00,0.011740048206134234
,2006-07-04 18:30,0.011481429136122984
,2006-07-04 19:00,0.01238396163843802
,2006-07-04 19:30,0.014311915839812468
,2006-07-04 20:00,0.018543386375344282
,2006-07-04 20:30,0.027454602206851097
,2006-07-04 21:00,0.04850396138693537
,2006-07-04 21:30,0.29721088894112063
,2006-07-04 22:00,-9999
,2006-07-04 22:30,-9999
,2006-07-04 23:00,-9999
,2006-07-04 23:30,-9999
,2006-07-05 00:00,-9999
,2006-07-05 00:30,-9999
,2006-07-05 01:00,-9999
,2006-07-05 01:30,-9999
,2006-07-05 02:00,0.30549824979684176
,2006-07-05 02:30,0.04493436716283238
,2006-07-05 03:00,0.024497519737568533
,2006-07-05 03:30,0.01665764221843775
,2006-07-05 04:00,0.012265767201376189
,2006-07-05 04:30,0.010094136812244579
,2006-07-05 05:00,0.009663251086798259
,2006-07-05 05:30,0.01012453577478503
,2006-07-05 06:00,0.01020974609882683
,2006-07-05 06:30,0.010785749950416238
,2006-07-05 07:00,0.011814012040735847
,2006-07-05 07:30,0.014027114394653394
,2006-07-05 08:00,0.018816211992465137
,2006-07-05 08:30,0.02952720374165868
,2006-07-05 09:00,0.052547214492072586
,2006-07-05 09:30,0.374815096904211
,2006-07-05 10:00,-9999
,2006-07-05 10:30,-9999
,2006-07-05 11:00,-9999
,2006-07-05 11:30,-9999
,2006-07-05 12:00,-9999
,2006-07-05 12:30,-9999
,2006-07-05 13:00,-9999
,2006-07-05 13:30,-9999
,2006-07-05 14:00,0.4765133147578936
,2006-07-05 14:30,0.06622249984249201
,2006-07-05 15:00,0.0358987051364414
,2006-07-05 15:30,0.02525760419737508
,2006-07-05 16:00,0.018961421695526486
,2006-07-05 16:30,0.01608540245657001
,2006-07-05 17:00,0.014771610342780909
,2006-07-05 17:30,0.013484749419399414
,2006-07-05 18:00,0.01346148648193064
,2006-07-05 18:30,0.012735831629608238
,2006-07-05 19:00,0.012749304413447307
,2006-07-05 19:30,0.013859693885070929
,2006-07-05 20:00,0.017527906361109433
,2006-07-05 20:30,0.02477070056574086
,2006-07-05 21:00,0.046943479255220445
,2006-07-05 21:30,0.3334789639536692
,2006-07-05 22:00,-9999
,2006-07-05 22:30,-9999
,2006-07-05 23:00,-9999
,2006-07-05 23:30,-9999
,2006-07-06 00:00,-9999
,2006-07-06 00:30,-9999
,2006-07-06 01:00,-9999
,2006-07-06 01:30,-9999
,2006-07-06 02:00,0.34926898378006727
,2006-07-06 02:30,0.04557070415752201
,2006-07-06 03:00,0.022585991324635606
,2006-07-06 03:30,0.013970807050896816
,2006-07-06 04:00,0.010871409944477727
,2006-07-06 04:30,0.009444480347508069
,2006-07-06 05:00,0.009008811098318538
,2006-07-06 05:30,0.010192495620004252
,2006-07-06 06:00,0.011729520854399407
,2006-07-06 06:30,0.012661252158994288
,2006-07-06 07:00,0.01365205954630229
,2006-07-06 07:30,0.01641891687990662
,2006-07-06 08:00,0.02158380542433473
,2006-07-06 08:30,0.03230830625222959
,2006-07-06 09:00,0.06365551550089653
,2006-07-06 09:30,0.5003894718359748
,2006-07-06 10:00,-9999
,2006-07-06 10:30,-9999
,2006-07-06 11:00,-9999
,2006-07-06 11:30,-9999
,2006-07-06 12:00,-9999
,2006-07-06 12:30,-9999
,2006-07-06 13:00,-9999
,2006-07-06 13:30,-9999
,2006-07-06 14:00,0.47876535927165403
,2006-07-06 14:30,0.0613373967319741
,2006-07-06 15:00,0.031170495318204015
,2006-07-06 15:30,0.02116321589509846
,2006-07-06 16:00,0.016002234113024517
,2006-07-06 16:30,0.013364912623278642
,2006-07-06 17:00,0.011926175039481289
,2006-07-06 17:30,0.011517692444131042
,2006-07-06 18:00,0.011338942831300398
,2006-07-06 18:30,0.011362926526323036
,2006-07-06 19:00,0.012270762131115776
,2006-07-06 19:30,0.013783257649351786
,2006-07-06 20:00,0.01833142165444857
,2006-07-06 20:30,0.026897281994632153
,2006-07-06 21:00,0.049374699481141884
,2006-07-06 21:30,0.3709967014278406
,2006-07-06 22:00,-9999
,2006-07-06 22:30,-9999
,2006-07-06 23:00,-9999
,2006-07-06 23:30,-9999
,2006-07-07 00:00,-9999
,2006-07-07 00:30,-9999
,2006-07-07 01:00,-9999
,2006-07-07 01:30,-9999
,2006-07-07 02:00,0.3061797127153659
,2006-07-07 02:30,0.03334756642749664
,2006-07-07 03:00,0.016850041651505037
,2006-07-07 03:30,0.010975237518177465
,2006-07-07 04:00,0.008541039937898329
,2006-07-07 04:30,0.007480890011486
,2006-07-07 05:00,0.00783057353742106
,2006-07-07 05:30,0.008364815866984242
,2006-07-07 06:00,0.008722752173850545
,2006-07-07 06:30,0.009440827177162135
,2006-07-07 07:00,0.01084095077935683
,2006-07-07 07:30,0.012293111299853663
,2006-07-07 08:00,0.015571118228914278
,2006-07-07 08:30,0.02232630518824416
,2006-07-07 09:00,0.04223255817461512
,2006-07-07 09:30,0.3774864670011741
,2006-07-07 10:00,-9999
,2006-07-07 10:30,-9999
,2006-07-07 11:00,-9999
,2006-07-07 11:30,-9999
,2006-07-07 12:00,-9999
,2006-07-07 12:30,-9999
,2006-07-07 13:00,-9999
,2006-07-07 13:30,-9999
,2006-07-07 14:00,0.42097462241391675
,2006-07-07 14:30,0.04401997565804913
,2006-07-07 15:00,0.021526607392803786
,2006-07-07 15:30,0.014296680276752068
,2006-07-07 16:00,0.01065877498549468
,2006-07-07 16:30,0.00940740766275785
,2006-07-07 17:00,0.008660089867716611
,2006-07-07 17:30,0.008328862367213734
,2006-07-07 18:00,0.008095124414906521
,2006-07-07 18:30,0.008070745377664064
,2006-07-07 19:00,0.008881245999845645
,2006-07-07 19:30,0.011055131442241722
,2006-07-07 20:00,0.014819561749819033
,2006-07-07 20:30,0.021828947384275724
,2006-07-07 21:00,0.042543577533595583
,2006-07-07 21:30,0.4112626967859116
,2006-07-07 22:00,-9999
,2006-07-07 22:30,-9999
,2006-07-07 23:00,-9999
,2006-07-07 23:30,-9999
,2006-07-08 00:00,-9999
,2006-07-08 00:30,-9999
,2006-07-08 01:00,-9999
,2006-07-08 01:30,-9999
,2006-07-08 02:00,0.4564747814705558
,2006-07-08 02:30,0.044018436943283334
,2006-07-08 03:00,0.022587308604589414
,2006-07-08 03:30,0.015597582857774885
,2006-07-08 04:00,0.012099690210954863
,2006-07-08 04:30,0.00974183270682679
,2006-07-08 05:00,0.009861496603330506
,2006-07-08 05:30,0.010001973845258713
,2006-07-08 06:00,0.010470084945660837
,2006-07-08 06:30,0.011779692950112998
,2006-07-08 07:00,0.01321326936168484
,2006-07-08 07:30,0.016447848627491442
,2006-07-08 08:00,0.02182281283021424
,2006-07-08 08:30,0.03214893161926759
,2006-07-08 09:00,0.06278811835174848
,2006-07-08 09:30,0.6872294963683551
,2006-07-08 10:00,-9999
,2006-07-08 10:30,-9999
,2006-07-08 11:00,-9999
,2006-07-08 11:30,-9999
,2006-07-08 12:00,-9999
,2006-07-08 12:30,-9999
,2006-07-08 13:00,-9999
,2006-07-08 13:30,-9999
,2006-07-08 14:00,0.7929716119716893
,2006-07-08 14:30,0.06126941449573888
,2006-07-08 15:00,0.03003796370919524
,2006-07-08 15:30,0.02039880207403196
,2006-07-08 16:00,0.015506957020976549
,2006-07-08 16:30,0.012809482494083868
,2006-07-08 17:00,0.01128892056004317
,2006-07-08 17:30,0.010547537097964731
,2006-07-08 18:00,0.010492846164864173
,2006-07-08 18:30,0.010968725722340127
,2006-07-08 19:00,0.01171698931761616
,2006-07-08 19:30,0.01347308132565069
,2006-07-08 20:00,0.016992077491403405
,2006-07-08 20:30,0.024376571227055378
,2006-07-08 21:00,0.048165780805788254
,2006-07-08 21:30,0.6043521508716273
,2006-07-08 22:00,-9999
,2006-07-08 22:30,-9999
,2006-07-08 23:00,-9999
,2006-07-08 23:30,-9999
,2006-07-09 00:00,-9999
,2006-07-09 00:30,-9999
,2006-07-09 01:00,-9999
,2006-07-09 01:30,-9999
,2006-07-09 02:00,0.6743958614843107
,2006-07-09 02:30,0.04732791748333683
,2006-07-09 03:00,0.023303123296960764
,2006-07-09 03:30,0.01563297916185879
,2006-07-09 04:00,0.01199571322001087
,2006-07-09 04:30,0.010307295245223645
,2006-07-09 05:00,0.009432307438459813
,2006-07-09 05:30,0.008967092715589747
,2006-07-09 06:00,0.009553944333102164
,2006-07-09 06:30,0.010575368235274035
,2006-07-09 07:00,0.012250174791447214
,2006-07-09 07:30,0.016343080511075966
,2006-07-09 08:00,0.0208161802528573
,2006-07-09 08:30,0.030449687471511975
,2006-07-09 09:00,0.06476451866140831
,2006-07-09 09:30,0.879893590320439
,2006-07-09 10:00,-9999
,2006-07-09 10:30,-9999
,2006-07-09 11:00,-9999
,2006-07-09 11:30,-9999
,2006-07-09 12:00,-9999
,2006-07-09 12:30,-9999
,2006-07-09 13:00,-9999
,2006-07-09 13:30,-9999
,2006-07-09 14:00,1.2256097564630324
,2006-07-09 14:30,0.06755971334775838
,2006-07-09 15:00,0.0338588869609218
,2006-07-09 15:30,0.023094125700673224
,2006-07-09 16:00,0.017704161001786744
,2006-07-09 16:30,0.015290737628567745
,2006-07-09 17:00,0.014637918283596632
,2006-07-09 17:30,0.013424699029000342
,2006-07-09 18:00,0.013134731799535655
,2006-07-09 18:30,0.011919565422827422
,2006-07-09 19:00,0.012228934218185081
,2006-07-09 19:30,0.01382157468557328
,2006-07-09 20:00,0.01698589680158212
,2006-07-09 20:30,0.02463213430977033
,2006-07-09 21:00,0.0490529887401545
,2006-07-09 21:30,0.8440454213547349
,2006-07-09 22:00,-9999
,2006-07-09 22:30,-9999
,2006-07-09 23:00,-9999
,2006-07-09 23:30,-9999
,2006-07-10 00:00,-9999
,2006-07-10 00:30,-9999
,2006-07-10 01:00,-9999
,2006-07-10 01:30,-9999
,2006-07-10 02:00,1.2463633464256603
,2006-07-10 02:30,0.05912547240343968
,2006-07-10 03:00,0.030830422103563657
,2006-07-10 03:30,0.020562695074783456
,2006-07-10 04:00,0.016016202019402452
,2006-07-10 04:30,0.013628226685395123
,2006-07-10 05:00,0.012493609766097709
,2006-07-10 05:30,0.012261371263261054
,2006-07-10 06:00,0.012606762003071224
,2006-07-10 06:30,0.013492108300904726
,2006-07-10 07:00,0.015459977583969735
,2006-07-10 07:30,0.018857261551618733
,2006-07-10 08:00,0.025573889653934225
,2006-07-10 08:30,0.03922176682933194
,2006-07-10 09:00,0.0772545371125083
,2006-07-10 09:30,1.7288265773001095
,2006-07-10 10:00,-9999
,2006-07-10 10:30,-9999
,2006-07-10 11:00,-9999
,2006-07-10 11:30,-9999
,2006-07-10 12:00,-9999
,2006-07-10 12:30,-9999
,2006-07-10 13:00,-9999
,2006-07-10 13:30,-9999
,2006-07-10 14:00,2.760176672178255
,2006-07-10 14:30,0.08502972956245923
,2006-07-10 15:00,0.04157336697075112
,2006-07-10 15:30,0.027513984846379187
,2006-07-10 16:00,0.02105154881230214
,2006-07-10 16:30,0.01689787513417092
,2006-07-10 17:00,0.014724115948795902
,2006-07-10 17:30,0.013902151780761842
,2006-07-10 18:00,0.013862835740657877
,2006-07-10 18:30,0.014062729494049317
,2006-07-10 19:00,0.015383399633281074
,2006-07-10 19:30,0.017952534653466343
,2006-07-10 20:00,0.022862744302890165
,2006-07-10 20:30,0.03210781601552491
,2006-07-10 21:00,0.06297879773093738
,2006-07-10 21:30,1.9592685433475636
,2006-07-10 22:00,-9999
,2006-07-10 22:30,-9999
,2006-07-10 23:00,-9999
,2006-07-10 23:30,-9999
,2006-07-11 00:00,-9999
,2006-07-11 00:30,-9999
,2006-07-11 01:00,-9999
,2006-07-11 01:30,-9999
,2006-07-11 02:00,3.756849448689171
,2006-07-11 02:30,0.06184288345526607
,2006-07-11 03:00,0.03000879968376931
,2006-07-11 03:30,0.02024609405386256
,2006-07-11 04:00,0.014896239596711738
,2006-07-11 04:30,0.01229956774024709
,2006-07-11 05:00,0.011861645021263295
,2006-07-11 05:30,0.012351473815342687
,2006-07-11 06:00,0.013548810562748355
,2006-07-11 06:30,0.01461169121334389
,2006-07-11 07:00,0.01609891065477367
,2006-07-11 07:30,0.019530867582511515
,2006-07-11 08:00,0.02533936231410255
,2006-07-11 08:30,0.03842385469998711
,2006-07-11 09:00,0.07912500431125823
,2006-07-11 09:30,4.722821857316685
,2006-07-11 10:00,-9999
,2006-07-11 10:30,-9999
,2006-07-11 11:00,-9999
,2006-07-11 11:30,-9999
,2006-07-11 12:00,-9999
,2006-07-11 12:30,-9999
,2006-07-11 13:00,-9999
,2006-07-11 13:30,-9999
,2006-07-11 14:00,0.9266843406863677
,2006-07-11 14:30,0.08855842869283595
,2006-07-11 15:00,0.04373365544775832
,2006-07-11 15:30,0.029667504550892433
,2006-07-11 16:00,0.022728284000175587
,2006-07-11 16:30,0.01869092722279772
,2006-07-11 17:00,0.016682770760095177
,2006-07-11 17:30,0.015452183392526705
,2006-07-11 18:00,0.015152294235776954
,2006-07-11 18:30,0.014956394482433584
,2006-07-11 19:00,0.015389816248075673
,2006-07-11 19:30,0.017368871507352668
,2006-07-11 20:00,0.02221520875635116
,2006-07-11 20:30,0.03426859378563476
,2006-07-11 21:00,0.06912716181460203
,2006-07-11 21:30,0.7185354155034425
,2006-07-11 22:00,-9999
,2006-07-11 22:30,-9999
,2006-07-11 23:00,-9999
,2006-07-11 23:30,-9999
,2006-07-12 00:00,-9999
,2006-07-12 00:30,-9999
,2006-07-12 01:00,-9999
,2006-07-12 01:30,-9999
,2006-07-12 02:00,-9999
,2006-07-12 02:30,0.05758697993346892
,2006-07-12 03:00,0.02797793572971157
,2006-07-12 03:30,0.018654729732063068
,2006-07-12 04:00,0.014361643168093961
,2006-07-12 04:30,0.012266071308954766
,2006-07-12 05:00,0.01190188864954237
,2006-07-12 05:30,0.012271710228688462
,2006-07-12 06:00,0.013987535692364621
,2006-07-12 06:30,0.014455263782602822
,2006-07-12 07:00,0.016924775106779328
,2006-07-12 07:30,0.021021320328547012
,2006-07-12 08:00,0.028074585630328327
,2006-07-12 08:30,0.04178605762216995
,2006-07-12 09:00,0.08723183162022055
,2006-07-12 09:30,-9999
,2006-07-12 10:00,-9999
,2006-07-12 10:30,-9999
,2006-07-12 11:00,-9999
,2006-07-12 11:30,-9999
,2006-07-12 12:00,-9999
,2006-07-12 12:30,-9999
,2006-07-12 13:00,-9999
,2006-07-12 13:30,-9999
,2006-07-12 14:00,-9999
,2006-07-12 14:30,0.08443760708317988
,2006-07-12 15:00,0.03409711297202052
,2006-07-12 15:30,0.019067399814940586
,2006-07-12 16:00,0.014682913888243306
,2006-07-12 16:30,0.012111744834151362
,2006-07-12 17:00,0.011435855888428152
,2006-07-12 17:30,0.012018969000337904
,2006-07-12 18:00,0.011733746268622568
,2006-07-12 18:30,0.012661126162188311
,2006-07-12 19:00,0.012630687229493728
,2006-07-12 19:30,0.01635592956366533
,2006-07-12 20:00,0.02085407520989379
,2006-07-12 20:30,0.03094671975587529
,2006-07-12 21:00,0.06487009015008353
,2006-07-12 21:30,-9999
,2006-07-12 22:00,-9999
,2006-07-12 22:30,-9999
,2006-07-12 23:00,-9999
,2006-07-12 23:30,-9999
,2006-07-13 00:00,-9999
,2006-07-13 00:30,-9999
,2006-07-13 01:00,-9999
,2006-07-13 01:30,-9999
,2006-07-13 02:00,-9999
,2006-07-13 02:30,-9999
,2006-07-13 03:00,-9999
,2006-07-13 03:30,-9999
,2006-07-13 04:00,-9999
,2006-07-13 04:30,-9999
,2006-07-13 05:00,-9999
,2006-07-13 05:30,0.01102768822219689
,2006-07-13 06:00,0.011361138837986862
,2006-07-13 06:30,0.012714579617598141
,2006-07-13 07:00,0.015432515205549472
,2006-07-13 07:30,0.016984532066899146
,2006-07-13 08:00,0.023004642963586723
,2006-07-13 08:30,0.03683820548661966
,2006-07-13 09:00,0.08131691405899873
,2006-07-13 09:30,-9999
,2006-07-13 10:00,-9999
,2006-07-13 10:30,-9999
,2006-07-13 11:00,-9999
,2006-07-13 11:30,-9999
,2006-07-13 12:00,-9999
,2006-07-13 12:30,-9999
,2006-07-13 13:00,-9999
,2006-07-13 13:30,-9999
,2006-07-13 14:00,-9999
,2006-07-13 14:30,0.0883655342438659
,2006-07-13 15:00,0.038802421269029996
,2006-07-13 15:30,0.025496195835898586
,2006-07-13 16:00,0.01922590509267491
,2006-07-13 16:30,0.015660673769824177
,2006-07-13 17:00,0.01420943321556508
,2006-07-13 17:30,0.013390585904130694
,2006-07-13 18:00,0.0128018138560584
,2006-07-13 18:30,0.012995309576050091
,2006-07-13 19:00,0.014207333431874995
,2006-07-13 19:30,0.0157353229000567
,2006-07-13 20:00,0.0201430047464145
,2006-07-13 20:30,0.02855231447278033
,2006-07-13 21:00,0.06402367709768662
,2006-07-13 21:30,-9999
,2006-07-13 22:00,-9999
,2006-07-13 22:30,-9999
,2006-07-13 23:00,-9999
,2006-07-13 23:30,-9999
,2006-07-14 00:00,-9999
,2006-07-14 00:30,-9999
,2006-07-14 01:00,-9999
,2006-07-14 01:30,-9999
,2006-07-14 02:00,-9999
,2006-07-14 02:30,0.060346821680662105
,2006-07-14 03:00,0.02781841781765125
,2006-07-14 03:30,0.016995007782487536
,2006-07-14 04:00,0.01242167431815348
,2006-07-14 04:30,0.01076244269834446
,2006-07-14 05:00,0.010281905895585119
,2006-07-14 05:30,0.010685292592479563
,2006-07-14 06:00,0.01106804934206092
,2006-07-14 06:30,0.012363467252405617
,2006-07-14 07:00,0.014340581199616967
,2006-07-14 07:30,0.019227461858627906
,2006-07-14 08:00,0.026652580464344783
,2006-07-14 08:30,0.0407842576679918
,2006-07-14 09:00,0.08729237926830659
,2006-07-14 09:30,-9999
,2006-07-14 10:00,-9999
,2006-07-14 10:30,-9999
,2006-07-14 11:00,-9999
,2006-07-14 11:30,-9999
,2006-07-14 12:00,-9999
,2006-07-14 12:30,-9999
,2006-07-14 13:00,-9999
,2006-07-14 13:30,-9999
,2006-07-14 14:00,-9999
,2006-07-14 14:30,0.09332346760725976
,2006-07-14 15:00,0.04559489159360551
,2006-07-14 15:30,0.02909235359930712
,2006-07-14 16:00,0.022244561955658302
,2006-07-14 16:30,0.01856088991277051
,2006-07-14 17:00,0.015970250491415136
,2006-07-14 17:30,0.015233647286653619
,2006-07-14 18:00,0.015249632226093969
,2006-07-14 18:30,0.014926883230648285
,2006-07-14 19:00,0.015431492017331155
,2006-07-14 19:30,0.01767957156937419
,2006-07-14 20:00,0.022868688776208852
,2006-07-14 20:30,0.032962827983732255
,2006-07-14 21:00,0.07157819360168467
,2006-07-14 21:30,-9999
,2006-07-14 22:00,-9999
,2006-07-14 22:30,-9999
,2006-07-14 23:00,-9999
,2006-07-14 23:30,-9999
,2006-07-15 00:00,-9999
,2006-07-15 00:30,-9999
,2006-07-15 01:00,-9999
,2006-07-15 01:30,-9999
,2006-07-15 02:00,-9999
,2006-07-15 02:30,0.059306476432322085
,2006-07-15 03:00,0.027335084073924806
,2006-07-15 03:30,0.018725955171045593
,2006-07-15 04:00,0.013757984894801564
,2006-07-15 04:30,0.011981772337834191
,2006-07-15 05:00,0.010958177113116597
,2006-07-15 05:30,0.01205730925174547
,2006-07-15 06:00,0.01338721844496125
,2006-07-15 06:30,0.014155366586458546
,2006-07-15 07:00,0.01596629898194532
,2006-07-15 07:30,0.01937097384618234
,2006-07-15 08:00,0.025861745600074707
,2006-07-15 08:30,0.03927326364906742
,2006-07-15 09:00,0.08781639865491499
,2006-07-15 09:30,-9999
,2006-07-15 10:00,-9999
,2006-07-15 10:30,-9999
,2006-07-15 11:00,-9999
,2006-07-15 11:30,-9999
,2006-07-15 12:00,-9999
,2006-07-15 12:30,-9999
,2006-07-15 13:00,-9999
,2006-07-15 13:30,-9999
,2006-07-15 14:00,-9999
,2006-07-15 14:30,0.09766953487364285
,2006-07-15 15:00,0.04426260110258028
,2006-07-15 15:30,0.028654866602090382
,2006-07-15 16:00,0.02168473268008436
,2006-07-15 16:30,0.01790083665421006
,2006-07-15 17:00,0.015546200991071792
,2006-07-15 17:30,0.014199167523592226
,2006-07-15 18:00,0.013966262626429232
,2006-07-15 18:30,0.014142137136600673
,2006-07-15 19:00,0.015261429459276507
,2006-07-15 19:30,0.017984381512165405
,2006-07-15 20:00,0.022806032647833374
,2006-07-15 20:30,0.034221339611354006
,2006-07-15 21:00,0.07392282191860661
,2006-07-15 21:30,-9999
,2006-07-15 22:00,-9999
,2006-07-15 22:30,-9999
,2006-07-15 23:00,-9999
,2006-07-15 23:30,-9999
,2006-07-16 00:00,-9999
,2006-07-16 00:30,-9999
,2006-07-16 01:00,-9999
,2006-07-16 01:30,-9999
,2006-07-16 02:00,-9999
,2006-07-16 02:30,0.07230341240162473
,2006-07-16 03:00,0.03224258233781415
,2006-07-16 03:30,0.020504634089185684
,2006-07-16 04:00,0.015470674518716275
,2006-07-16 04:30,0.012548679225040268
,2006-07-16 05:00,0.011136003784433995
,2006-07-16 05:30,0.010756919691031534
,2006-07-16 06:00,0.011481562484589048
,2006-07-16 06:30,0.012119839610019938
,2006-07-16 07:00,0.013286280566075039
,2006-07-16 07:30,0.015741693634372625
,2006-07-16 08:00,0.020504634089185684
,2006-07-16 08:30,0.03287879960734113
,2006-07-16 09:00,0.07672082594020714
,2006-07-16 09:30,-9999
,2006-07-16 10:00,-9999
,2006-07-16 10:30,-9999
,2006-07-16 11:00,-9999
,2006-07-16 11:30,-9999
,2006-07-16 12:00,-9999
,2006-07-16 12:30,-9999
,2006-07-16 13:00,-9999
,2006-07-16 13:30,-9999
,2006-07-16 14:00,-9999
,2006-07-16 14:30,0.08637702473525015
,2006-07-16 15:00,0.03830420356150875
,2006-07-16 15:30,0.024972057956557096
,2006-07-16 16:00,0.018979924098745517
,2006-07-16 16:30,0.01609763122613074
,2006-07-16 17:00,0.014625961296823808
,2006-07-16 17:30,0.014026753548393285
,2006-07-16 18:00,0.01317469860505249
,2006-07-16 18:30,0.012618808530554417
,2006-07-16 19:00,0.012583359620426143
,2006-07-16 19:30,0.014441001143542843
,2006-07-16 20:00,0.01820601016797122
,2006-07-16 20:30,0.027523294747536085
,2006-07-16 21:00,0.062222491470961636
,2006-07-16 21:30,-9999
,2006-07-16 22:00,-9999
,2006-07-16 22:30,-9999
,2006-07-16 23:00,-9999
,2006-07-16 23:30,-9999
,2006-07-17 00:00,-9999
,2006-07-17 00:30,-9999
,2006-07-17 01:00,-9999
,2006-07-17 01:30,-9999
,2006-07-17 02:00,-9999
,2006-07-17 02:30,0.05167945421812929
,2006-07-17 03:00,0.022781559636797476
,2006-07-17 03:30,0.01402630436402025
,2006-07-17 04:00,0.011856771161721277
,2006-07-17 04:30,0.010650842354704771
,2006-07-17 05:00,0.01037589793172667
,2006-07-17 05:30,0.009854197810072999
,2006-07-17 06:00,0.010168436333861098
,2006-07-17 06:30,0.010579679887832595
,2006-07-17 07:00,0.01216697649772324
,2006-07-17 07:30,0.015586099758476824
,2006-07-17 08:00,0.021099142947579398
,2006-07-17 08:30,0.03518690283983089
,2006-07-17 09:00,0.07963719174596973
,2006-07-17 09:30,-9999
,2006-07-17 10:00,-9999
,2006-07-17 10:30,-9999
,2006-07-17 11:00,-9999
,2006-07-17 11:30,-9999
,2006-07-17 12:00,-9999
,2006-07-17 12:30,-9999
,2006-07-17 13:00,-9999
,2006-07-17 13:30,-9999
,2006-07-17 14:00,-9999
,2006-07-17 14:30,0.10098554458217054
,2006-07-17 15:00,0.04268095247857213
,2006-07-17 15:30,0.027435377859613645
,2006-07-17 16:00,0.02078243380018442
,2006-07-17 16:30,0.017509566632369217
,2006-07-17 17:00,0.01545223680017404
,2006-07-17 17:30,0.01475713794575965
,2006-07-17 18:00,0.013618245526300365
,2006-07-17 18:30,0.012915175331054556
,2006-07-17 19:00,0.01332704257251989
,2006-07-17 19:30,0.015307981085020836
,2006-07-17 20:00,0.020501491332730985
,2006-07-17 20:30,0.030945436903449145
,2006-07-17 21:00,0.07396200820284711
,2006-07-17 21:30,-9999
,2006-07-17 22:00,-9999
,2006-07-17 22:30,-9999
,2006-07-17 23:00,-9999
,2006-07-17 23:30,-9999
,2006-07-18 00:00,-9999
,2006-07-18 00:30,-9999
,2006-07-18 01:00,-9999
,2006-07-18 01:30,-9999
,2006-07-18 02:00,-9999
,2006-07-18 02:30,0.05049495603911621
,2006-07-18 03:00,0.02140388247435862
,2006-07-18 03:30,0.013362025554221536
,2006-07-18 04:00,0.01019470582554311
,2006-07-18 04:30,0.00914567450496264
,2006-07-18 05:00,0.009015235477117332
,2006-07-18 05:30,0.01059195532326891
,2006-07-18 06:00,0.012252009483261363
,2006-07-18 06:30,0.012344725852189072
,2006-07-18 07:00,0.01424779740397725
,2006-07-18 07:30,0.01766929955862069
,2006-07-18 08:00,0.023598695978811597
,2006-07-18 08:30,0.03716278495547975
,2006-07-18 09:00,0.08924301491808521
,2006-07-18 09:30,-9999
,2006-07-18 10:00,-9999
,2006-07-18 10:30,-9999
,2006-07-18 11:00,-9999
,2006-07-18 11:30,-9999
,2006-07-18 12:00,-9999
,2006-07-18 12:30,-9999
,2006-07-18 13:00,-9999
,2006-07-18 13:30,-9999
,2006-07-18 14:00,-9999
,2006-07-18 14:30,0.11739994512850618
,2006-07-18 15:00,0.04848392577629423
,2006-07-18 15:30,0.03106649927009022
,2006-07-18 16:00,0.02266965666239207
,2006-07-18 16:30,0.018754616018504918
,2006-07-18 17:00,0.016343913676046935
,2006-07-18 17:30,0.015239610240056673
,2006-07-18 18:00,0.015012274551872555
,2006-07-18 18:30,0.014349082934025493
,2006-07-18 19:00,0.01463051423076225
,2006-07-18 19:30,0.015977803581797352
,2006-07-18 20:00,0.02031095820249908
,2006-07-18 20:30,0.030991685888376266
,2006-07-18 21:00,0.07393966344430515
,2006-07-18 21:30,-9999
,2006-07-18 22:00,-9999
,2006-07-18 22:30,-9999
,2006-07-18 23:00,-9999
,2006-07-18 23:30,-9999
,2006-07-19 00:00,-9999
,2006-07-19 00:30,-9999
,2006-07-19 01:00,-9999
,2006-07-19 01:30,-9999
,2006-07-19 02:00,-9999
,2006-07-19 02:30,0.06533887565434876
,2006-07-19 03:00,0.026353010955091107
,2006-07-19 03:30,0.01690832626674089
,2006-07-19 04:00,0.012797438997369398
,2006-07-19 04:30,0.010696365954312089
,2006-07-19 05:00,0.010664674337127169
,2006-07-19 05:30,0.011242973545298946
,2006-07-19 06:00,0.012317609684313762
,2006-07-19 06:30,0.01386751131599064
,2006-07-19 07:00,0.01629419481550055
,2006-07-19 07:30,0.02045284394714713
,2006-07-19 08:00,0.02975009305160739
,2006-07-19 08:30,0.04557125048478376
,2006-07-19 09:00,0.11303449055594808
,2006-07-19 09:30,-9999
,2006-07-19 10:00,-9999
,2006-07-19 10:30,-9999
,2006-07-19 11:00,-9999
,2006-07-19 11:30,-9999
,2006-07-19 12:00,-9999
,2006-07-19 12:30,-9999
,2006-07-19 13:00,-9999
,2006-07-19 13:30,-9999
,2006-07-19 14:00,-9999
,2006-07-19 14:30,0.13220981474618576
,2006-07-19 15:00,0.05326728774523073
,2006-07-19 15:30,0.033390971145912295
,2006-07-19 16:00,0.02499358133844362
,2006-07-19 16:30,0.020370390893927625
,2006-07-19 17:00,0.017957553990489983
,2006-07-19 17:30,0.01688313316930385
,2006-07-19 18:00,0.015846306325734416
,2006-07-19 18:30,0.014813905450188377
,2006-07-19 19:00,0.015774044415023423
,2006-07-19 19:30,0.0183456129935564
,2006-07-19 20:00,0.02355833033382107
,2006-07-19 20:30,0.035924449874690435
,2006-07-19 21:00,0.09363095446523281
,2006-07-19 21:30,-9999
,2006-07-19 22:00,-9999
,2006-07-19 22:30,-9999
,2006-07-19 23:00,-9999
,2006-07-19 23:30,-9999
,2006-07-20 00:00,-9999
,2006-07-20 00:30,-9999
,2006-07-20 01:00,-9999
,2006-07-20 01:30,-9999
,2006-07-20 02:00,-9999
,2006-07-20 02:30,0.07475963471458948
,2006-07-20 03:00,0.030193775120987823
,2006-07-20 03:30,0.018697287147483813
,2006-07-20 04:00,0.01462663677472334
,2006-07-20 04:30,0.012195441370660618
,2006-07-20 05:00,0.011844951736549685
,2006-07-20 05:30,0.012526979526351137
,2006-07-20 06:00,0.01337029906309242
,2006-07-20 06:30,0.014963863171191869
,2006-07-20 07:00,0.017524297988609865
,2006-07-20 07:30,0.023027934906266898
,2006-07-20 08:00,0.032406565627619004
,2006-07-20 08:30,0.052231054440374354
,2006-07-20 09:00,0.1335305756222158
,2006-07-20 09:30,-9999
,2006-07-20 10:00,-9999
,2006-07-20 10:30,-9999
,2006-07-20 11:00,-9999
,2006-07-20 11:30,-9999
,2006-07-20 12:00,-9999
,2006-07-20 12:30,-9999
,2006-07-20 13:00,-9999
,2006-07-20 13:30,-9999
,2006-07-20 14:00,-9999
,2006-07-20 14:30,0.1559711636348211
,2006-07-20 15:00,0.05883769804558321
,2006-07-20 15:30,0.03712182838358277
,2006-07-20 16:00,0.027266259235107473
,2006-07-20 16:30,0.022036441563639337
,2006-07-20 17:00,0.01904235105039845
,2006-07-20 17:30,0.017877367102974197
,2006-07-20 18:00,0.0171547174451599
,2006-07-20 18:30,0.016069421414400875
,2006-07-20 19:00,0.01772623008599358
,2006-07-20 19:30,0.019759853390794016
,2006-07-20 20:00,0.02489346138663786
,2006-07-20 20:30,0.0405674369287671
,2006-07-20 21:00,0.1070769775160476
,2006-07-20 21:30,-9999
,2006-07-20 22:00,-9999
,2006-07-20 22:30,-9999
,2006-07-20 23:00,-9999
,2006-07-20 23:30,-9999
,2006-07-21 00:00,-9999
,2006-07-21 00:30,-9999
,2006-07-21 01:00,-9999
,2006-07-21 01:30,-9999
,2006-07-21 02:00,-9999
,2006-07-21 02:30,0.09275042441774488
,2006-07-21 03:00,0.03338656463214575
,2006-07-21 03:30,0.02126826694281247
,2006-07-21 04:00,0.01696712156658479
,2006-07-21 04:30,0.01397473009135724
,2006-07-21 05:00,0.01434859653279625
,2006-07-21 05:30,0.015749302275191772
,2006-07-21 06:00,0.016251764324766403
,2006-07-21 06:30,0.017766171343334993
,2006-07-21 07:00,0.020474831186849063
,2006-07-21 07:30,0.02489842839307007
,2006-07-21 08:00,0.03364595848707852
,2006-07-21 08:30,0.054872718509954614
,2006-07-21 09:00,0.14953503677709803
,2006-07-21 09:30,-9999
,2006-07-21 10:00,-9999
,2006-07-21 10:30,-9999
,2006-07-21 11:00,-9999
,2006-07-21 11:30,-9999
,2006-07-21 12:00,-9999
,2006-07-21 12:30,-9999
,2006-07-21 13:00,-9999
,2006-07-21 13:30,-9999
,2006-07-21 14:00,-9999
,2006-07-21 14:30,0.1688534060956212
,2006-07-21 15:00,0.06149451272361394
,2006-07-21 15:30,0.03792480864673914
,2006-07-21 16:00,0.02797735443359501
,2006-07-21 16:30,0.02290446934269785
,2006-07-21 17:00,0.019868456380520448
,2006-07-21 17:30,0.018500960408219275
,2006-07-21 18:00,0.017501131819834044
,2006-07-21 18:30,0.01716348427777063
,2006-07-21 19:00,0.017542808001476822
,2006-07-21 19:30,0.019887659293446183
,2006-07-21 20:00,0.026058473025106117
,2006-07-21 20:30,0.03930655887843257
,2006-07-21 21:00,0.11063286230671329
,2006-07-21 21:30,-9999
,2006-07-21 22:00,-9999
,2006-07-21 22:30,-9999
,2006-07-21 23:00,-9999
,2006-07-21 23:30,-9999
,2006-07-22 00:00,-9999
,2006-07-22 00:30,-9999
,2006-07-22 01:00,-9999
,2006-07-22 01:30,-9999
,2006-07-22 02:00,-9999
,2006-07-22 02:30,0.10810872277557375
,2006-07-22 03:00,0.03547795108575932
,2006-07-22 03:30,0.022889355932291255
,2006-07-22 04:00,0.016536760765495
,2006-07-22 04:30,0.01321331848552357
,2006-07-22 05:00,0.013099336569107752
,2006-07-22 05:30,0.01254251541011766
,2006-07-22 06:00,0.013819149496805115
,2006-07-22 06:30,0.015122028245219977
,2006-07-22 07:00,0.01769307553340368
,2006-07-22 07:30,0.022876050247745063
,2006-07-22 08:00,0.033537050753162115
,2006-07-22 08:30,0.055474614425005425
,2006-07-22 09:00,0.1544102673906103
,2006-07-22 09:30,-9999
,2006-07-22 10:00,-9999
,2006-07-22 10:30,-9999
,2006-07-22 11:00,-9999
,2006-07-22 11:30,-9999
,2006-07-22 12:00,-9999
,2006-07-22 12:30,-9999
,2006-07-22 13:00,-9999
,2006-07-22 13:30,-9999
,2006-07-22 14:00,-9999
,2006-07-22 14:30,0.16533315817809738
,2006-07-22 15:00,0.05435371620356516
,2006-07-22 15:30,0.03244420182866491
,2006-07-22 16:00,0.02396505435879203
,2006-07-22 16:30,0.017165493737595794
,2006-07-22 17:00,0.01550151828408242
,2006-07-22 17:30,0.01614417681889858
,2006-07-22 18:00,0.01626893861811727
,2006-07-22 18:30,0.015888177470306696
,2006-07-22 19:00,0.017096437153593966
,2006-07-22 19:30,0.02011011782597838
,2006-07-22 20:00,0.026999358056428575
,2006-07-22 20:30,0.04353003245740063
,2006-07-22 21:00,0.13008598082486253
,2006-07-22 21:30,-9999
,2006-07-22 22:00,-9999
,2006-07-22 22:30,-9999
,2006-07-22 23:00,-9999
,2006-07-22 23:30,-9999
,2006-07-23 00:00,-9999
,2006-07-23 00:30,-9999
,2006-07-23 01:00,-9999
,2006-07-23 01:30,-9999
,2006-07-23 02:00,-9999
,2006-07-23 02:30,0.11958340270725015
,2006-07-23 03:00,0.038240726359166435
,2006-07-23 03:30,0.021950066527573246
,2006-07-23 04:00,0.016632267877732178
,2006-07-23 04:30,0.01347443013916619
,2006-07-23 05:00,0.012586334166862117
,2006-07-23 05:30,0.01284437853400312
,2006-07-23 06:00,0.013186561457910934
,2006-07-23 06:30,0.014570864781819353
,2006-07-23 07:00,0.017358236473396446
,2006-07-23 07:30,0.02376038268247455
,2006-07-23 08:00,0.032892725061968164
,2006-07-23 08:30,0.05506876602518904
,2006-07-23 09:00,0.15749819249789523
,2006-07-23 09:30,-9999
,2006-07-23 10:00,-9999
,2006-07-23 10:30,-9999
,2006-07-23 11:00,-9999
,2006-07-23 11:30,-9999
,2006-07-23 12:00,-9999
,2006-07-23 12:30,-9999
,2006-07-23 13:00,-9999
,2006-07-23 13:30,-9999
,2006-07-23 14:00,-9999
,2006-07-23 14:30,0.1398590659107924
,2006-07-23 15:00,0.047618844187077736
,2006-07-23 15:30,0.03137839576341142
,2006-07-23 16:00,0.024135173760468486
,2006-07-23 16:30,0.021166586716654376
,2006-07-23 17:00,0.0189465747241795
,2006-07-23 17:30,0.016248006788407033
,2006-07-23 18:00,0.014614830848335193
,2006-07-23 18:30,0.014679168641443743
,2006-07-23 19:00,0.015683375959307612
,2006-07-23 19:30,0.017872096169626924
,2006-07-23 20:00,0.024508762577557956
,2006-07-23 20:30,0.04630207027897002
,2006-07-23 21:00,0.14563567654468781
,2006-07-23 21:30,-9999
,2006-07-23 22:00,-9999
,2006-07-23 22:30,-9999
,2006-07-23 23:00,-9999
,2006-07-23 23:30,-9999
,2006-07-24 00:00,-9999
,2006-07-24 00:30,-9999
,2006-07-24 01:00,-9999
,2006-07-24 01:30,-9999
,2006-07-24 02:00,-9999
,2006-07-24 02:30,0.12454838976268727
,2006-07-24 03:00,0.036557282510153985
,2006-07-24 03:30,0.02204537531267956
,2006-07-24 04:00,0.01661557054913597
,2006-07-24 04:30,0.014034923941047448
,2006-07-24 05:00,0.013029714797832468
,2006-07-24 05:30,0.012734297299804295
,2006-07-24 06:00,0.013465573778406917
,2006-07-24 06:30,0.015624992233689957
,2006-07-24 07:00,0.01845332592248831
,2006-07-24 07:30,0.022586980856057006
,2006-07-24 08:00,0.031093850254451015
,2006-07-24 08:30,0.053759105973171906
,2006-07-24 09:00,0.17083844838085235
,2006-07-24 09:30,-9999
,2006-07-24 10:00,-9999
,2006-07-24 10:30,-9999
,2006-07-24 11:00,-9999
,2006-07-24 11:30,-9999
,2006-07-24 12:00,-9999
,2006-07-24 12:30,-9999
,2006-07-24 13:00,-9999
,2006-07-24 13:30,-9999
,2006-07-24 14:00,-9999
,2006-07-24 14:30,0.20227389291108297
,2006-07-24 15:00,0.0626093169614496
,2006-07-24 15:30,0.03698035390365663
,2006-07-24 16:00,0.02649248094844011
,2006-07-24 16:30,0.021431133363024903
,2006-07-24 17:00,0.018382088678401628
,2006-07-24 17:30,0.01697441219961651
,2006-07-24 18:00,0.016645385322983784
,2006-07-24 18:30,0.016829426819157993
,2006-07-24 19:00,0.0179864854044881
,2006-07-24 19:30,0.021071899593091085
,2006-07-24 20:00,0.02822053925083891
,2006-07-24 20:30,0.0460647427047342
,2006-07-24 21:00,0.15255643916190184
,2006-07-24 21:30,-9999
,2006-07-24 22:00,-9999
,2006-07-24 22:30,-9999
,2006-07-24 23:00,-9999
,2006-07-24 23:30,-9999
,2006-07-25 00:00,-9999
,2006-07-25 00:30,-9999
,2006-07-25 01:00,-9999
,2006-07-25 01:30,-9999
,2006-07-25 02:00,-9999
,2006-07-25 02:30,0.13372075130190847
,2006-07-25 03:00,0.0393818295361162
,2006-07-25 03:30,0.021804287178521516
,2006-07-25 04:00,0.015598324346934717
,2006-07-25 04:30,0.013773352879246074
,2006-07-25 05:00,0.012803525922868705
,2006-07-25 05:30,0.012381101938299674
,2006-07-25 06:00,0.013211025324040693
,2006-07-25 06:30,0.014918034052887608
,2006-07-25 07:00,0.0172948914542328
,2006-07-25 07:30,0.02126039326342048
,2006-07-25 08:00,0.03159362562781936
,2006-07-25 08:30,0.05578624355116023
,2006-07-25 09:00,0.18414933971661124
,2006-07-25 09:30,-9999
,2006-07-25 10:00,-9999
,2006-07-25 10:30,-9999
,2006-07-25 11:00,-9999
,2006-07-25 11:30,-9999
,2006-07-25 12:00,-9999
,2006-07-25 12:30,-9999
,2006-07-25 13:00,-9999
,2006-07-25 13:30,-9999
,2006-07-25 14:00,-9999
,2006-07-25 14:30,0.2153058998026204
,2006-07-25 15:00,0.060687349819276114
,2006-07-25 15:30,0.036937767032814685
,2006-07-25 16:00,0.027273989543789137
,2006-07-25 16:30,0.02110009017393113
,2006-07-25 17:00,0.018498373212357578
,2006-07-25 17:30,0.01679056235543008
,2006-07-25 18:00,0.01579588093994384
,2006-07-25 18:30,0.016159084771106134
,2006-07-25 19:00,0.017531021581319996
,2006-07-25 19:30,0.021342174871827754
,2006-07-25 20:00,0.02939152303662266
,2006-07-25 20:30,0.04856129261514238
,2006-07-25 21:00,0.1627532764633265
,2006-07-25 21:30,-9999
,2006-07-25 22:00,-9999
,2006-07-25 22:30,-9999
,2006-07-25 23:00,-9999
,2006-07-25 23:30,-9999
,2006-07-26 00:00,-9999
,2006-07-26 00:30,-9999
,2006-07-26 01:00,-9999
,2006-07-26 01:30,-9999
,2006-07-26 02:00,-9999
,2006-07-26 02:30,0.13425142034188706
,2006-07-26 03:00,0.036909376592039606
,2006-07-26 03:30,0.0216343301022683
,2006-07-26 04:00,0.016751255794370166
,2006-07-26 04:30,0.014245375318600763
,2006-07-26 05:00,0.012713387093878327
,2006-07-26 05:30,0.01190693355604211
,2006-07-26 06:00,0.011932539864764781
,2006-07-26 06:30,0.013038676315896535
,2006-07-26 07:00,0.015936886264872382
,2006-07-26 07:30,0.02063127940821092
,2006-07-26 08:00,0.029538526297112785
,2006-07-26 08:30,0.05384187928626668
,2006-07-26 09:00,0.21628805901720619
,2006-07-26 09:30,-9999
,2006-07-26 10:00,-9999
,2006-07-26 10:30,-9999
,2006-07-26 11:00,-9999
,2006-07-26 11:30,-9999
,2006-07-26 12:00,-9999
,2006-07-26 12:30,-9999
,2006-07-26 13:00,-9999
,2006-07-26 13:30,-9999
,2006-07-26 14:00,-9999
,2006-07-26 14:30,0.23476166849209676
,2006-07-26 15:00,0.057185808993695166
,2006-07-26 15:30,0.0327867711945506
,2006-07-26 16:00,0.023743373437369805
,2006-07-26 16:30,0.019069993963789993
,2006-07-26 17:00,0.016571762051979407
,2006-07-26 17:30,0.01543507292196968
,2006-07-26 18:00,0.015280807895542441
,2006-07-26 18:30,0.01583665102995841
,2006-07-26 19:00,0.018025343381455627
,2006-07-26 19:30,0.02124011846242307
,2006-07-26 20:00,0.028540136435738852
,2006-07-26 20:30,0.047487803241671525
,2006-07-26 21:00,0.1792704878065553
,2006-07-26 21:30,-9999
,2006-07-26 22:00,-9999
,2006-07-26 22:30,-9999
,2006-07-26 23:00,-9999
,2006-07-26 23:30,-9999
,2006-07-27 00:00,-9999
,2006-07-27 00:30,-9999
,2006-07-27 01:00,-9999
,2006-07-27 01:30,-9999
,2006-07-27 02:00,-9999
,2006-07-27 02:30,0.19120404034698174
,2006-07-27 03:00,0.048991820515712284
,2006-07-27 03:30,0.02830761269080163
,2006-07-27 04:00,0.019906272030647928
,2006-07-27 04:30,0.01572041858038148
,2006-07-27 05:00,0.013765434332563707
,2006-07-27 05:30,0.012306717449901012
,2006-07-27 06:00,0.012039928470217842
,2006-07-27 06:30,0.014321521414872574
,2006-07-27 07:00,0.01865448491660199
,2006-07-27 07:30,0.02393792206217156
,2006-07-27 08:00,0.03309786474638793
,2006-07-27 08:30,0.058226508838135314
,2006-07-27 09:00,0.24866243366599214
,2006-07-27 09:30,-9999
,2006-07-27 10:00,-9999
,2006-07-27 10:30,-9999
,2006-07-27 11:00,-9999
,2006-07-27 11:30,-9999
,2006-07-27 12:00,-9999
,2006-07-27 12:30,-9999
,2006-07-27 13:00,-9999
,2006-07-27 13:30,-9999
,2006-07-27 14:00,-9999
,2006-07-27 14:30,0.2944320667815616
,2006-07-27 15:00,0.06834674003331627
,2006-07-27 15:30,0.03920225264674238
,2006-07-27 16:00,0.028056838259967593
,2006-07-27 16:30,0.022634893180684068
,2006-07-27 17:00,0.019598210933856438
,2006-07-27 17:30,0.017337664876361458
,2006-07-27 18:00,0.016265944814213493
,2006-07-27 18:30,0.017290384225757457
,2006-07-27 19:00,0.018650241203288835
,2006-07-27 19:30,0.021588037395327695
,2006-07-27 20:00,0.03075545525034997
,2006-07-27 20:30,0.05293821158830514
,2006-07-27 21:00,0.21446610029146693
,2006-07-27 21:30,-9999
,2006-07-27 22:00,-9999
,2006-07-27 22:30,-9999
,2006-07-27 23:00,-9999
,2006-07-27 23:30,-9999
,2006-07-28 00:00,-9999
,2006-07-28 00:30,-9999
,2006-07-28 01:00,-9999
,2006-07-28 01:30,-9999
,2006-07-28 02:00,-9999
,2006-07-28 02:30,0.1765201338669428
,2006-07-28 03:00,0.03920555487494834
,2006-07-28 03:30,0.022477101862552685
,2006-07-28 04:00,0.015083003652520919
,2006-07-28 04:30,0.012528859244106004
,2006-07-28 05:00,0.01188775334888113
,2006-07-28 05:30,0.012283217762646379
,2006-07-28 06:00,0.013116566812267617
,2006-07-28 06:30,0.014822887496166795
,2006-07-28 07:00,0.017357256826552172
,2006-07-28 07:30,0.022490405954351686
,2006-07-28 08:00,0.03150333961838093
,2006-07-28 08:30,0.05722395568910839
,2006-07-28 09:00,0.2675583627135743
,2006-07-28 09:30,-9999
,2006-07-28 10:00,-9999
,2006-07-28 10:30,-9999
,2006-07-28 11:00,-9999
,2006-07-28 11:30,-9999
,2006-07-28 12:00,-9999
,2006-07-28 12:30,-9999
,2006-07-28 13:00,-9999
,2006-07-28 13:30,-9999
,2006-07-28 14:00,-9999
,2006-07-28 14:30,0.3032200387942428
,2006-07-28 15:00,0.059433304078442814
,2006-07-28 15:30,0.03262783280340437
,2006-07-28 16:00,0.023806351558381136
,2006-07-28 16:30,0.019337197628330173
,2006-07-28 17:00,0.014635179168139001
,2006-07-28 17:30,0.012102749653024845
,2006-07-28 18:00,0.012774155793718586
,2006-07-28 18:30,0.014209899167043362
,2006-07-28 19:00,0.016072475950819884
,2006-07-28 19:30,0.019356325821374185
,2006-07-28 20:00,0.026281048888221605
,2006-07-28 20:30,0.04012855674731913
,2006-07-28 21:00,0.184242866002681
,2006-07-28 21:30,-9999
,2006-07-28 22:00,-9999
,2006-07-28 22:30,-9999
,2006-07-28 23:00,-9999
,2006-07-28 23:30,-9999
,2006-07-29 00:00,-9999
,2006-07-29 00:30,-9999
,2006-07-29 01:00,-9999
,2006-07-29 01:30,-9999
,2006-07-29 02:00,-9999
,2006-07-29 02:30,0.1889329245040397
,2006-07-29 03:00,0.03544977135075666
,2006-07-29 03:30,0.02008711598818715
,2006-07-29 04:00,0.014132675837360222
,2006-07-29 04:30,0.011870218417591848
,2006-07-29 05:00,0.010609834939520921
,2006-07-29 05:30,0.00996824795676365
,2006-07-29 06:00,0.009959488512161923
,2006-07-29 06:30,0.010702740674542997
,2006-07-29 07:00,0.012438473554604224
,2006-07-29 07:30,0.015259662819807833
,2006-07-29 08:00,0.021694807825371195
,2006-07-29 08:30,0.03932053801325959
,2006-07-29 09:00,0.22402293701485404
,2006-07-29 09:30,-9999
,2006-07-29 10:00,-9999
,2006-07-29 10:30,-9999
,2006-07-29 11:00,-9999
,2006-07-29 11:30,-9999
,2006-07-29 12:00,-9999
,2006-07-29 12:30,-9999
,2006-07-29 13:00,-9999
,2006-07-29 13:30,-9999
,2006-07-29 14:00,-9999
,2006-07-29 14:30,0.3253358032690884
,2006-07-29 15:00,0.05391628371718908
,2006-07-29 15:30,0.03010378337590261
,2006-07-29 16:00,0.020317338305458902
,2006-07-29 16:30,0.016066870935272017
,2006-07-29 17:00,0.015387602467189539
,2006-07-29 17:30,0.01393981851811853
,2006-07-29 18:00,0.013667006413281614
,2006-07-29 18:30,0.013781614831050825
,2006-07-29 19:00,0.014743841378678468
,2006-07-29 19:30,0.017655336369483562
,2006-07-29 20:00,0.02524774554813421
,2006-07-29 20:30,0.049080595061650974
,2006-07-29 21:00,0.26022988909492895
,2006-07-29 21:30,-9999
,2006-07-29 22:00,-9999
,2006-07-29 22:30,-9999
,2006-07-29 23:00,-9999
,2006-07-29 23:30,-9999
,2006-07-30 00:00,-9999
,2006-07-30 00:30,-9999
,2006-07-30 01:00,-9999
,2006-07-30 01:30,-9999
,2006-07-30 02:00,-9999
,2006-07-30 02:30,0.33738714313217
,2006-07-30 03:00,0.05058621964412478
,2006-07-30 03:30,0.027441052308655945
,2006-07-30 04:00,0.019352206525682
,2006-07-30 04:30,0.015427305708251128
,2006-07-30 05:00,0.014236940794837769
,2006-07-30 05:30,0.014059442172078704
,2006-07-30 06:00,0.014421981246956202
,2006-07-30 06:30,0.015485136658854528
,2006-07-30 07:00,0.01805708107742851
,2006-07-30 07:30,0.023243682837911544
,2006-07-30 08:00,0.03366003995359007
,2006-07-30 08:30,0.06132781903770132
,2006-07-30 09:00,0.4166036142796187
,2006-07-30 09:30,-9999
,2006-07-30 10:00,-9999
,2006-07-30 10:30,-9999
,2006-07-30 11:00,-9999
,2006-07-30 11:30,-9999
,2006-07-30 12:00,-9999
,2006-07-30 12:30,-9999
,2006-07-30 13:00,-9999
,2006-07-30 13:30,-9999
,2006-07-30 14:00,-9999
,2006-07-30 14:30,0.540205971352054
,2006-07-30 15:00,0.07084345026098464
,2006-07-30 15:30,0.038810197613591224
,2006-07-30 16:00,0.02705138042528286
,2006-07-30 16:30,0.02134734010247825
,2006-07-30 17:00,0.01832078486002396
,2006-07-30 17:30,0.01653599265842133
,2006-07-30 18:00,0.01600286017077744
,2006-07-30 18:30,0.016566064991865123
,2006-07-30 19:00,0.01798403614252934
,2006-07-30 19:30,0.021487433423020966
,2006-07-30 20:00,0.02989131566200632
,2006-07-30 20:30,0.05552316856448712
,2006-07-30 21:00,0.4122084501247629
,2006-07-30 21:30,-9999
,2006-07-30 22:00,-9999
,2006-07-30 22:30,-9999
,2006-07-30 23:00,-9999
,2006-07-30 23:30,-9999
,2006-07-31 00:00,-9999
,2006-07-31 00:30,-9999
,2006-07-31 01:00,-9999
,2006-07-31 01:30,-9999
,2006-07-31 02:00,-9999
,2006-07-31 02:30,0.41736916417247966
,2006-07-31 03:00,0.047867472944030785
,2006-07-31 03:30,0.0245314728256756
,2006-07-31 04:00,0.01807717316904533
,2006-07-31 04:30,0.015109573836101573
,2006-07-31 05:00,0.014017795327274067
,2006-07-31 05:30,0.012858890039421898
,2006-07-31 06:00,0.012948187886917883
,2006-07-31 06:30,0.014292840025847103
,2006-07-31 07:00,0.017836194506952997
,2006-07-31 07:30,0.023137179543541775
,2006-07-31 08:00,0.03341941413405499
,2006-07-31 08:30,0.06506054479152093
,2006-07-31 09:00,0.577754228729575
,2006-07-31 09:30,-9999
,2006-07-31 10:00,-9999
,2006-07-31 10:30,-9999
,2006-07-31 11:00,-9999
,2006-07-31 11:30,-9999
,2006-07-31 12:00,-9999
,2006-07-31 12:30,-9999
,2006-07-31 13:00,-9999
,2006-07-31 13:30,-9999
,2006-07-31 14:00,-9999
,2006-07-31 14:30,0.6727108564367599
,2006-07-31 15:00,0.06121591164046045
,2006-07-31 15:30,0.03569656125223095
,2006-07-31 16:00,0.027493254056166188
,2006-07-31 16:30,0.021104160594599936
,2006-07-31 17:00,0.017984747745961233
,2006-07-31 17:30,0.01690921266342138
,2006-07-31 18:00,0.01637070270598758
,2006-07-31 18:30,0.01583916543268378
,2006-07-31 19:00,0.017698864383549378
,2006-07-31 19:30,0.02076460646532767
,2006-07-31 20:00,0.029988929265911676
,2006-07-31 20:30,0.055595503378733896
,2006-07-31 21:00,0.5623740587578588
,2006-07-31 21:30,-9999
,2006-07-31 22:00,-9999
,2006-07-31 22:30,-9999
,2006-07-31 23:00,-9999
,2006-07-31 23:30,-9999

